dataset,substantive_support_pct,casual_politeness_pct,avg_adjusted_positive,avg_adjusted_empathy,avg_adjusted_total
suicide_core_comments_2024,84.47867298578198,15.52132701421801,3.028732953095498,0.6359825684210509,3.6647155215165483
suicide_random_comments_2024,82.53012048192771,17.46987951807229,3.064525483649759,0.6766685434171444,3.741194027066904
depression_core_comments_2024,86.77438659485338,13.22561340514662,3.206327789375206,0.7916656384995745,3.997993427874781
depression_random_comments_2024,84.31372549019608,15.686274509803921,3.41117887070098,0.4029154537650784,3.814094324466059
suicide_core_comments_2023,86.62835844075167,13.371641559248332,3.632093292332435,0.5418795697528944,4.173972862085329
suicide_random_comments_2023,82.14285714285714,17.857142857142858,3.3699598176000003,0.9549568603563571,4.324916677956357
depression_core_comments_2023,89.53878406708596,10.461215932914046,3.6646649865941425,0.6280272413797635,4.292692227973906
depression_random_comments_2023,84.61538461538461,15.384615384615385,2.362096292253846,0.943045552593077,3.305141844846923
